"time","event","cox_risk"
1814,1,-0.143864042291836
2018,1,-0.291161552365578
712,1,0.0194128534198048
2172,0,-0.859962183282729
471,1,1.44028600723739
1821,0,-0.643771960342214
707,1,-0.394298154359035
1743,0,-0.697441351307477
1701,0,-0.334722882340753
548,1,-0.242446089761281
1296,1,0.210124872291578
1472,0,0.399162934835471
1162,1,0.0546613539026582
1095,0,1.77238495427538
449,1,0.218110200157873
972,0,-0.562297580098773
1528,1,-0.207881909619906
731,1,0.15715736952035
1853,0,-1.00671544192245
1645,0,-0.346845415939314
1666,0,-0.0173079772946157
353,1,0.0501495909910375
1685,0,-0.323583980497408
173,1,0.203728517704404
420,1,0.0454484344561789
438,1,-0.561728911618208
171,1,0.585749604194538
1351,0,-0.0564988522441356
525,1,0.49537226614897
1195,0,0.0397762944536409
1976,0,-0.494702125051727
426,1,0.649599975885838
554,1,-0.278433518342139
1246,1,-0.233246224941599
1207,1,1.50083221436483
1852,0,0.223832105043125
1729,0,-0.0246502985161911
1434,0,0.215110885883587
889,1,-0.226966148251031
1280,1,-0.12801138663349
1675,1,-0.66075444384134
629,0,-3.07107832141651
495,1,-0.0171238665289704
1720,0,-0.855616962002143
1502,0,-0.328976878483897
310,0,0.174541286380929
1177,0,0.512670210167558
1771,0,0.285799513252534
571,1,0.839845740272488
285,1,-0.453756800083009
2372,0,-1.4885081575554
945,1,0.912592809631235
1352,1,-0.857804756173289
2234,0,0.100310598199127
766,0,0.0368257152373307
753,0,-1.00748579549008
348,1,0.0803488695189259
1329,1,-1.14838951595412
552,1,-0.427302119211729
564,1,-0.524900877347315
272,1,0.977840763707172
1352,0,0.288580225527279
675,1,-0.452123566685289
1884,0,-0.37339282570467
1192,1,-0.0177592638366852
1806,1,-0.137845084667725
1589,1,0.163809491902186
1826,0,-0.396576628419649
836,1,-0.0590140930046308
1222,0,0.12189829854752
722,1,0.0934995374406601
446,1,0.524307418594035
1838,0,-0.0168041244002975
1826,0,0.285455559008834
2051,0,-0.029875684898395
2353,0,-0.101041753042908
2471,0,-0.870104612442861
893,1,-0.11608614936958
2093,1,-0.343382097793483
2612,0,-0.291839881572758
956,1,-0.273184293805403
2052,0,0.0311854146767229
973,0,0.208414561914544
2156,0,-0.74725936252233
573,1,-0.393401225697408
2009,0,-1.21050198574082
233,1,0.683295706055763
1171,0,-0.54255646730251
1317,0,-0.71394527359345
1212,0,-0.700762979901783
1119,0,-0.512633111842145
740,0,0.561518460276648
1062,0,0.11096935701746
1233,0,0.122933155999178
1866,0,0.0139125189775843
491,1,-0.252450897911224
1140,1,0.19444382984931
799,1,-1.01223098007711
1105,1,-0.0388722716814344
548,1,-0.36456320050369
227,1,0.612943194733827
426,1,-0.134077116519721
1834,0,-0.656633863694759
1604,0,0.0792015081769676
371,1,0.0194541536761468
1557,0,0.00904600521708643
417,1,0.161687326566096
1603,0,0.325248542944441
1341,0,-0.435864996377123
456,1,0.0050721352874666
544,1,0.0341266106754298
336,1,0.190379569072535
2011,0,0.0307175469866703
537,1,0.821212913554941
2217,0,-0.70358283378246
670,1,0.0735906710659231
1387,1,-0.0170195516473871
1904,0,-0.0556363814976609
1868,0,-0.105730472232539
1767,0,-1.82689642610283
1157,1,-0.0720279501396656
745,1,0.602577592494205
1481,1,-0.453098381455872
542,1,-0.25579401885251
1441,0,0.735047202988032
1486,0,-0.889528299335592
273,0,-0.804650925406693
1185,0,0.198436679691627
877,0,-0.00161709702774089
2271,0,-0.662525825444365
17,0,0.0159820163222882
964,1,-0.384261108351074
410,1,0.256455859141238
455,1,0.664945588307663
1483,0,-0.349179836585987
563,1,0.176258966759079
46,0,-0.671889783169791
344,1,0.103236652541985
648,1,1.85962634219557
473,1,-0.18852362037654
1977,1,0.870608642047533
2126,0,-0.189696730064057
1645,0,-1.02314759496837
1356,0,-0.391593427572866
1632,0,-1.27873964866818
918,1,-0.356856528086637
557,1,-0.45280393835428
2170,0,-1.00207420689052
1449,1,0.796389799394312
857,1,-0.189634210679427
369,1,-0.346931721311114
1627,0,-1.05313994181494
1208,0,-0.630538497970309
730,1,0.161097378919869
637,0,-0.061208115144914
307,1,0.547434366526907
120,1,1.10506551594527
1525,1,-0.0201018079678614
784,1,-0.694046841967014
181,1,0.267739023803206
247,1,0.214982073871243
1721,0,-0.364884645296973
372,1,0.140837994622536
566,0,-0.168015640059305
98,1,0.888194894333608
368,0,-1.51941291174814
432,0,-1.43870956620465
29,0,0.136244551039942
18,0,0.0981458909023998
17,0,-0.322547641987782
1093,0,0.0233763903599566
792,0,0.0223191911721878
623,0,-0.226313078928188
2128,0,-0.25015642845393
2161,0,-0.128903852633291
1183,1,-0.0296091069814804
1625,0,-0.385383164662635
646,1,-0.00676507692492239
420,1,0.729457058252848
1095,0,0.165010465834895
1078,0,0.00767121026547513
1306,1,-0.0470149376144583
503,1,0.102167247157335
1427,0,-0.58200120294475
177,1,-0.811235007271244
281,1,0.674710789920837
751,0,0.495590077004699
526,0,0.245101222183261
463,0,0.165591350987819
529,0,-0.755192456286244
623,0,0.448109684636422
624,1,0.49881785025563
1818,0,-0.860043902944543
1432,0,-1.13079374219007
1182,0,-0.0156312637420932
733,0,0.0292825724336854
1253,1,-0.039972444256927
1789,0,0.110560798188838
1475,0,-0.262815426873052
541,0,1.06803300867852
1343,0,0.36025754201442
748,1,-0.184292250306827
662,1,-0.76476381447469
974,0,-0.456836473245494
504,1,-0.0472972396017423
186,0,0.584620669578357
