"time","event","lasso_risk"
1814,0,-0.0546038905648966
2018,0,-0.117987472214791
712,0,-0.119479470986552
2172,1,-0.0980941552579866
471,0,-0.0625612173476185
1821,1,-0.109367034866843
707,0,-0.0334207067963009
1743,1,-0.109532812508149
1701,1,-0.0320581313471846
548,0,0.0448658879507209
1296,0,-0.0564274446192704
1472,1,0.110073023654989
1162,0,-0.0454861202930278
1095,1,-0.0360367947385455
449,0,0.109078357807149
972,1,-0.123623912019219
1528,0,-0.0483043401952418
731,0,-0.061732329141085
1853,1,-0.0734296410219501
1645,1,-0.11400880882343
1666,1,-0.058914109238871
353,0,-0.0574221104671106
1685,1,-0.12660790956274
173,0,-0.0534434470757497
420,0,0.109244135448456
438,0,0.0017605074793834
171,0,-0.0474754519887082
1351,1,-0.0504594495322289
525,0,0.109078357807149
1195,1,0.110736134220216
1976,1,-0.0359073714159015
426,0,-0.0622296620650051
554,0,-0.0343790183254785
1246,0,-0.11152214420383
1207,0,-0.0622296620650051
1852,1,0.119853904492085
1729,1,-0.0536092247170564
1434,1,0.109078357807149
889,0,-0.0486358954778552
1280,0,-0.0597429974454045
1675,0,-0.0207852517383286
629,1,0.202683008743111
495,0,-0.0560958893366569
1720,1,-0.0750510631163545
1502,1,-0.0335501301189449
310,1,-0.0443256768038808
1177,1,0.109078357807149
1771,1,-0.021116807020942
571,0,0.11206235535067
285,0,-0.00470482053157813
2372,1,-0.0515106380508022
945,0,0.11255968827459
1352,0,-0.0975968223340665
2234,1,-0.0551012234888167
766,1,0.112393910633283
753,1,-0.0948149567505151
348,0,-0.0584167763149508
1329,0,-0.00888561588290843
552,0,0.0435396668202673
564,0,-0.1280999083345
272,0,-0.126442131921433
1352,1,-0.0623954397063118
675,0,-0.117490139290871
1884,1,-0.127271020127967
1192,0,-0.0623954397063118
1806,0,0.124661456089979
1589,0,-0.0612349962171648
1826,1,-0.126773687204047
836,0,-0.121468802682232
1222,1,-0.0570905551844972
722,0,0.0435396668202673
446,0,0.109078357807149
1838,1,-0.0625612173476185
1826,1,-0.1280999083345
2051,1,-0.0625612173476185
2353,1,-0.0615665514997782
2471,1,0.104214283538522
893,0,-0.12461857786706
2093,0,-0.0163092554230475
2612,1,-0.125447466073593
956,0,-0.103601171739771
2052,1,0.11106768950283
973,1,0.0440369997441874
2156,1,-0.0373993701876618
573,0,-0.121468802682232
2009,1,-0.0717355102902204
233,0,0.109409913089763
1171,1,-0.0197905858904884
1317,1,-0.0448593640464636
1212,1,-0.0372335925463551
1119,1,-0.00536793109680495
740,1,-0.0584167763149508
1062,1,-0.123789689660526
1233,1,0.137260556829289
1866,1,-0.0580852210323374
491,0,-0.123458134377913
1140,0,0.0448658879507209
799,0,-0.0614572965292046
1105,0,-0.0489674507604686
548,0,-0.0328870195537181
227,0,0.0438712221028807
426,0,0.0443685550268008
1834,1,0.013991698617417
1604,1,-0.0595772198040978
371,0,-0.0509567824561491
1557,1,0.111399244785443
417,0,0.109078357807149
1603,1,0.109078357807149
1341,1,0.0596200980270177
456,0,-0.0546038905648966
544,0,0.11305702119851
336,0,-0.0625612173476185
2011,1,-0.0473096743474015
537,0,-0.05493544584751
2217,1,-0.109864367790763
670,0,-0.0572563328258039
1387,0,0.109741468372376
1904,1,-0.05493544584751
1868,1,0.0480156631355483
1767,1,-0.0454132196411168
1157,0,-0.0599087750867112
745,0,-0.0625612173476185
1481,0,-0.120805692117005
542,0,0.0438712221028807
1441,1,0.109741468372376
1486,1,-0.0626177400183515
273,1,-0.0214847166222181
1185,1,-0.061732329141085
877,1,-0.0546038905648966
2271,1,-0.00884926156424577
17,1,0.109244135448456
964,0,-0.125447466073593
410,0,-0.126939464845353
455,0,0.109409913089763
1483,1,0.0463578867224813
563,0,-0.0602403303693246
46,1,-0.11152214420383
344,0,-0.0625612173476185
648,0,-0.114174586464737
473,0,-0.12511591079098
1977,0,-0.127768353051887
2126,1,0.0456947761572544
1645,1,-0.0881838510982469
1356,1,-0.0335501301189449
1632,1,-0.10210917296801
918,0,-0.120308359193085
557,0,-0.12760257541058
2170,1,-0.0991251754244895
1449,0,0.109078357807149
857,0,-0.0483043401952418
369,0,-0.127271020127967
1627,1,-0.0900074051526207
1208,1,-0.0428700323507831
730,0,-0.123789689660526
637,1,-0.0474754519887082
307,0,0.111233467144136
120,0,0.110570356578909
1525,0,-0.0551012234888167
784,0,-0.0972652670514531
181,0,-0.0610692185758581
247,0,-0.0585825539562575
1721,1,-0.0227745834340091
372,0,0.113388576481123
566,1,-0.0463150084995613
98,0,0.112725465915897
368,1,-0.0775740820546177
432,1,-0.0721034198914964
29,1,0.110404578937603
18,1,-0.0499621166083088
17,1,-0.00288126647720436
1093,1,-0.0607376632932447
792,1,0.109907246013683
623,1,-0.0390207922820662
2128,1,-0.1280999083345
2161,1,-0.0546038905648966
1183,0,-0.1280999083345
1625,1,-0.00536793109680495
646,0,-0.0579194433910307
420,0,0.11206235535067
1095,1,-0.0444914544451875
1078,1,-0.118484805138711
1306,0,-0.0625612173476185
503,0,-0.0625612173476185
1427,1,-0.0932866036600921
177,0,0.134717369538955
281,0,0.112393910633283
751,1,-0.123623912019219
526,1,0.109078357807149
463,1,0.109078357807149
529,1,-0.0138589451221096
623,1,-0.0546038905648966
624,0,0.109244135448456
1818,1,-0.0921261601709452
1432,1,0.00702903768253533
1182,1,-0.0592456645214844
733,1,-0.0622296620650051
1253,0,-0.0582509986736441
1789,1,-0.0582509986736441
1475,1,-0.0489674507604686
541,1,-0.0614007738584715
1343,1,0.116704129307258
748,0,-0.0426679003908138
662,0,-0.0933229579787548
974,1,-0.104725260910255
504,0,-0.126773687204047
186,1,0.0435396668202673
