"time","event","rsf_risk"
1814,0,81.3939833345863
2018,0,109.423940423329
712,0,114.346473422799
2172,1,110.097248446202
471,0,124.168513480486
1821,1,86.0354126192792
707,0,120.09394236289
1743,1,100.818200871345
1701,1,86.6458423861096
548,0,140.79032530755
1296,0,108.020310540189
1472,1,113.254130251653
1162,0,120.877952611433
1095,1,114.945530374651
449,0,149.463995993886
972,1,109.464600881531
1528,0,102.957341954042
731,0,108.660582523797
1853,1,81.269105636813
1645,1,110.608170783047
1666,1,97.3153072715227
353,0,96.0494758922955
1685,1,108.096908487805
173,0,112.827528071659
420,0,139.06735828259
438,0,108.56624585969
171,0,118.938523075489
1351,1,110.550402533409
525,0,128.444401338602
1195,1,113.021440402739
1976,1,114.91569953773
426,0,101.997998544178
554,0,125.795473641941
1246,0,88.7956069765745
1207,0,121.076104079465
1852,1,130.121815931196
1729,1,104.726780622936
1434,1,120.751564503745
889,0,101.963628866166
1280,0,123.971749962595
1675,0,92.7909825936493
629,1,141.782237599297
495,0,88.2822709812794
1720,1,75.6323075079536
1502,1,114.41440737348
310,1,111.010819484015
1177,1,149.112934324536
1771,1,113.817126653347
571,0,139.867643068281
285,0,112.769173287813
2372,1,127.374007168052
945,0,136.245340197409
1352,0,79.6217283871626
2234,1,105.989296422308
766,1,128.501647760091
753,1,96.3120959939079
348,0,83.4626360630312
1329,0,91.0970230593561
552,0,132.681345336044
564,0,126.85438366997
272,0,104.792608980875
1352,1,133.599290534435
675,0,84.4955374397906
1884,1,102.180614408119
1192,0,115.503259589366
1806,0,108.035709241603
1589,0,125.701844053345
1826,1,86.9155248839294
836,0,98.7125252039806
1222,1,134.822473835546
722,0,155.903059005161
446,0,137.859439951333
1838,1,120.145255799097
1826,1,120.403221579001
2051,1,125.590887582419
2353,1,141.641848654067
2471,1,119.484904608896
893,0,101.387886226258
2093,0,105.958576656207
2612,1,96.2622935287114
956,0,106.355769212771
2052,1,118.656973180193
973,1,132.454400775264
2156,1,119.802926524784
573,0,108.10010324619
2009,1,90.2975584936142
233,0,117.631648468101
1171,1,99.8694458457799
1317,1,126.557835404576
1212,1,113.498986246991
1119,1,106.298452368729
740,1,106.084519295278
1062,1,104.283379236776
1233,1,122.757741451399
1866,1,124.743863702319
491,0,101.112580133332
1140,0,148.150366310522
799,0,115.576954495265
1105,0,131.776432023496
548,0,77.4898820321843
227,0,127.369639962859
426,0,145.022132632497
1834,1,119.768569741701
1604,1,138.219710201012
371,0,111.184251474952
1557,1,115.405228789161
417,0,121.692791571984
1603,1,153.095719461885
1341,1,122.248718269962
456,0,101.40810947906
544,0,139.439990329842
336,0,117.502580159242
2011,1,133.745931804488
537,0,119.914033662895
2217,1,108.76784235365
670,0,111.104988306219
1387,0,123.784196837648
1904,1,80.6084747142207
1868,1,121.358717947432
1767,1,101.941553300748
1157,0,109.354523731943
745,0,133.793629954621
1481,0,93.0205925696678
542,0,126.735157279302
1441,1,123.778505691713
1486,1,89.4734542222163
273,1,103.121834690218
1185,1,111.164589537238
877,1,149.884161073418
2271,1,87.3191445399982
17,1,132.077785738713
964,0,101.724518117923
410,0,95.3082258786497
455,0,157.378097691004
1483,1,119.983740367487
563,0,110.785044663451
46,1,86.5895304932881
344,0,109.316634641339
648,0,104.07739287397
473,0,107.801847236923
1977,0,111.389124109906
2126,1,116.515034383611
1645,1,101.934725393828
1356,1,110.378850735865
1632,1,111.158540122836
918,0,100.095563587393
557,0,119.708178481838
2170,1,90.2783352232127
1449,0,128.729072637286
857,0,98.9594704382812
369,0,98.1509672738202
1627,1,89.3271380161457
1208,1,103.828996877736
730,0,99.2947428597739
637,1,121.657732900144
307,0,138.520050358077
120,0,119.168436887484
1525,0,126.652701993699
784,0,95.294113305364
181,0,111.289579942179
247,0,122.443584861796
1721,1,105.627165255545
372,0,115.765839976763
566,1,109.096018666795
98,0,149.418770251784
368,1,109.441587611378
432,1,79.729984267846
29,1,111.47736030677
18,1,93.703977286689
17,1,116.667700172532
1093,1,85.9456504376227
792,1,136.633080070273
623,1,103.071869335533
2128,1,115.533747718587
2161,1,114.243776758232
1183,0,109.232337923437
1625,1,108.468352711013
646,0,124.350035852569
420,0,125.031454127835
1095,1,117.424811697768
1078,1,101.44440002199
1306,0,117.280574201338
503,0,133.343725787921
1427,1,76.9360030523392
177,0,134.594973403099
281,0,135.510350160956
751,1,107.611345587961
526,1,120.497917821718
463,1,140.943365659065
529,1,100.288423322525
623,1,113.932600016545
624,0,154.220485132786
1818,1,91.4704587307834
1432,1,109.515843813721
1182,1,106.219496427878
733,1,141.069014153329
1253,0,107.159431663607
1789,1,133.443167886761
1475,1,121.546168406117
541,1,120.575713339649
1343,1,148.20594380375
748,0,109.27996889365
662,0,108.751742750196
974,1,102.299280477349
504,0,90.391196270786
186,1,138.779943352647
